"","pathway","pval","padj","log2err","ES","NES","size","leadingEdge"
"1","HALLMARK_TGF_BETA_SIGNALING",2.28120944144027e-08,2.85151180180033e-07,0.73376198835648,0.583666395682166,2.2490928435042,80,"c(`106572` = ""Rab31"", `65112` = ""Pmepa1"", `21872` = ""Tjp1"", `12577` = ""Cdkn1c"", `17127` = ""Smad3"", `12387` = ""Ctnnb1"", `11798` = ""Xiap"", `12156` = ""Bmp2"", `75788` = ""Smurf1"", `11853` = ""Rhoc"", `20743` = ""Sptbn2"", `20481` = ""Ski"", `11852` = ""Rhob"", `21828` = ""Thbs4"", `16480` = ""Jup"", `11848` = ""Rhoa"", `20482` = ""Skil"", `20515` = ""Slc20a1"", `66313` = ""Smurf2"", `21847` = ""Klf10"", `17948` = ""Naip2"", `21873` = ""Tjp2"", `18550` = ""Furin"", `11477` = ""Acvr1"", `17131` = ""Smad7"", `19045` = ""Ppp1ca"", `17872` = ""Ppp1r15a"", 
`12550` = ""Cdh1"", `17126` = ""Smad2"", `19043` = ""Ppm1b"", `94093` = ""Trim33"", `16477` = ""Junb"", `20516` = ""Slc20a2"", `11789` = ""Apc"", `12166` = ""Bmpr1a"", `26409` = ""Map3k7"", `18553` = ""Pcsk6"", `29815` = ""Bcar3"", `15980` = ""Ifngr2"", `56550` = ""Ube2d2a"", `269275` = ""Acvr1c"")"
"2","HALLMARK_APICAL_JUNCTION",6.49892934147835e-10,1.08315489024639e-08,0.801215574617779,0.484529636684557,2.10418015576311,190,"c(`20563` = ""Slit2"", `16774` = ""Lama3"", `98660` = ""Atp1a2"", `12740` = ""Cldn4"", `14783` = ""Grb10"", `100017` = ""Ldlrap1"", `16782` = ""Lamc2"", `286940` = ""Flnb"", `192897` = ""Itgb4"", `21872` = ""Tjp1"", `384783` = ""Irs2"", `13867` = ""Erbb3"", `12153` = ""Bmp1"", `12387` = ""Ctnnb1"", `16780` = ""Lamb3"", `13649` = ""Egfr"", `12739` = ""Cldn3"", `22323` = ""Vasp"", `76709` = ""Arpc2"", `75599` = ""Pcdh1"", `52118` = ""Pvr"", `108100` = ""Baiap2"", `14786` = ""Grb7"", `12827` = ""Col4a2"", `192113` = ""Atp12a"", `16400` = ""Itga3"", `22350` = ""Ezr"", 
`231070` = ""Insig1"", `16151` = ""Ikbkg"", `21828` = ""Thbs4"", `14012` = ""Mpzl2"", `18176` = ""Nras"", `22629` = ""Ywhah"", `20130` = ""Rras"", `20312` = ""Cx3cl1"", `23797` = ""Akt3"", `16480` = ""Jup"", `12331` = ""Cap1"", `19684` = ""Rdx"", `13866` = ""Erbb2"", `16398` = ""Itga2"", `12385` = ""Ctnna1"", `11461` = ""Actb"", `21933` = ""Tnfrsf10b"", `12388` = ""Ctnnd1"", `235130` = ""Adamts15"", `21873` = ""Tjp2"", `53624` = ""Cldn7"", `17886` = ""Myh9"", `12550` = ""Cdh1"", `20779` = ""Src"", `19353` = ""Rac1"", `53310` = ""Dlg3"", `54126` = ""Arhgef7"", 
`20416` = ""Shc1"", `14083` = ""Ptk2"", `20963` = ""Syk"", `14677` = ""Gnai1"", `60595` = ""Actn4"", `11502` = ""Adam9"", `54353` = ""Skap2"", `71960` = ""Myh14"", `14678` = ""Gnai2"", `330177` = ""Taok3"", `18706` = ""Pik3ca"", `74769` = ""Pik3cb"", `13506` = ""Dsc2"", `18643` = ""Pfn1"", `65970` = ""Lima1"", `22612` = ""Yes1"", `12490` = ""Cd34"", `216965` = ""Taok1"", `16653` = ""Kras"", `218397` = ""Rasa1"")"
"3","HALLMARK_P53_PATHWAY",6.48374205004834e-08,6.48374205004834e-07,0.704975715167238,0.438123734101375,1.94059958191647,213,"c(`99663` = ""Clca4a"", `11486` = ""Ada"", `13836` = ""Epha2"", `26570` = ""Slc7a11"", `12227` = ""Btg2"", `12226` = ""Btg1"", `71795` = ""Pitpnc1"", `64058` = ""Perp"", `192897` = ""Itgb4"", `18132` = ""Notch4"", `16970` = ""Lrmp"", `20194` = ""S100a10"", `18415` = ""Hspa4l"", `12795` = ""Plk3"", `50709` = ""H1f4"", `12156` = ""Bmp2"", `74012` = ""Rap2b"", `108100` = ""Baiap2"", `20969` = ""Sdc1"", `15468` = ""Prmt2"", `27416` = ""Abcc5"", `16598` = ""Klf2"", `22320` = ""Vamp8"", `56464` = ""Ctsf"", `18845` = ""Plxna2"", `12575` = ""Cdkn1a"", `18176` = ""Nras"", 
`74747` = ""Ddit4"", `319192` = ""H2ac19"", `56338` = ""Txnip"", `17988` = ""Ndrg1"", `13830` = ""Stom"", `239273` = ""Abcc4"", `55948` = ""Sfn"", `15525` = ""Hspa4"", `12606` = ""Cebpa"", `50708` = ""H1f2"", `18844` = ""Plxna1"", `17119` = ""Mxd1"", `116914` = ""Slc19a2"", `19730` = ""Ralgds"", `15200` = ""Hbegf"", `17872` = ""Ppp1r15a"", `107568` = ""Wwp1"", `20724` = ""Serpinb5"", `12450` = ""Ccng1"", `224624` = ""Rab40c"", `12444` = ""Ccnd2"", `18590` = ""Pdgfa"", `23844` = ""Clca1"", `53619` = ""Blcap"", `56484` = ""Foxo3"", `21802` = ""Tgfa"", 
`14281` = ""Fos"", `16396` = ""Itch"", `16878` = ""Lif"", `13139` = ""Dgka"", `235611` = ""Plxnb1"", `11910` = ""Atf3"", `20430` = ""Cyfip1"", `319164` = ""H2ac6"", `13663` = ""Ei24"", `16653` = ""Kras"", `70925` = ""Cdkn2aip"", `68558` = ""Ankra2"", `15937` = ""Ier3"", `17347` = ""Mknk2"", `76654` = ""Upp2"", `19143` = ""St14"", `17164` = ""Mapkapk2"", `105501` = ""Abhd4"", `269275` = ""Acvr1c"", `20683` = ""Sp1"", `319162` = ""H2aw"", `19079` = ""Prkab1"", `17246` = ""Mdm2"", `99709` = ""Clca4b"", `20181` = ""Rxra"", `67776` = ""Vwa5a"", `30945` = ""Rnf19a"", 
`13848` = ""Ephb6"", `13845` = ""Ephb3"", `98845` = ""Eps8l2"", `16179` = ""Irak1"")"
"4","HALLMARK_TNFA_SIGNALING_VIA_NFKB",1.97609813141322e-07,1.64674844284435e-06,0.690132458796796,0.441516117616001,1.9367731953511,199,"c(`20525` = ""Slc2a1"", `56386` = ""B4galt6"", `319520` = ""Dusp4"", `65112` = ""Pmepa1"", `12227` = ""Btg2"", `23849` = ""Klf6"", `17133` = ""Maff"", `20725` = ""Serpinb8"", `12226` = ""Btg1"", `14066` = ""F3"", `384783` = ""Irs2"", `50723` = ""Icosl"", `17127` = ""Smad3"", `22113` = ""Phlda2"", `16780` = ""Lamb3"", `18793` = ""Plaur"", `13614` = ""Edn1"", `67399` = ""Pdlim7"", `14282` = ""Fosb"", `14283` = ""Fosl1"", `12156` = ""Bmp2"", `240672` = ""Dusp5"", `15945` = ""Cxcl10"", `20893` = ""Bhlhe40"", `21664` = ""Phlda1"", `11853` = ""Rhoc"", `18627` = ""Per2"", 
`20719` = ""Serpinb6a"", `74646` = ""Spsb1"", `98878` = ""Ehd4"", `16598` = ""Klf2"", `26397` = ""Map2k3"", `11852` = ""Rhob"", `12575` = ""Cdkn1a"", `19252` = ""Dusp1"", `18626` = ""Per1"", `54446` = ""Nfat5"", `17210` = ""Mcl1"", `11848` = ""Rhoa"", `13653` = ""Egr1"", `22359` = ""Vldlr"", `211770` = ""Trib1"", `56722` = ""Litaf"", `320560` = ""Dennd5b"", `14063` = ""F2rl1"", `21847` = ""Klf10"", `18412` = ""Sqstm1"", `20623` = ""Snrk"", `17119` = ""Mxd1"", `17948` = ""Naip2"", `56376` = ""Pdlim5"", `16195` = ""Il6st"", `12633` = ""Cflar"", `15200` = ""Hbegf"", 
`17872` = ""Ppp1r15a"", `17126` = ""Smad2"", `19697` = ""Rela"", `19698` = ""Relb"", `20971` = ""Sdc4"", `18578` = ""Pde4b"", `13636` = ""Efna1"", `16477` = ""Junb"", `14281` = ""Fos"", `16878` = ""Lif"", `11910` = ""Atf3"", `14528` = ""Gch1"", `22695` = ""Zfp36"", `108767` = ""Pnrc1"", `11305` = ""Abca2"", `15937` = ""Ier3"", `17691` = ""Sik1"", `81489` = ""Dnajb1"", `15980` = ""Ifngr2"", `14284` = ""Fosl2"", `108079` = ""Prkaa2"", `19219` = ""Ptger4"", `57783` = ""Tnip1"", `216850` = ""Kdm6b"", `12053` = ""Bcl6"", `71586` = ""Ifih1"", `22339` = ""Vegfa"", 
`18640` = ""Pfkfb2"")"
"5","HALLMARK_UV_RESPONSE_DN",5.83742996482384e-07,4.16959283201703e-06,0.659444398037935,0.433287794258838,1.88079661211293,184,"c(`319520` = ""Dusp4"", `18858` = ""Pmp22"", `14362` = ""Fzd1"", `16782` = ""Lamc2"", `14200` = ""Fhl2"", `21872` = ""Tjp1"", `14066` = ""F3"", `384783` = ""Irs2"", `18132` = ""Notch4"", `12394` = ""Runx1"", `13867` = ""Erbb3"", `17127` = ""Smad3"", `19663` = ""Rbpms"", `12306` = ""Anxa2"", `13649` = ""Egfr"", `67399` = ""Pdlim7"", `223435` = ""Trio"", `59125` = ""Nek7"", `20893` = ""Bhlhe40"", `12827` = ""Col4a2"", `114713` = ""Rasa2"", `234515` = ""Inpp4b"", `27416` = ""Abcc5"", `13170` = ""Dbp"", `20975` = ""Synj2"", `231070` = ""Insig1"", `57810` = ""Cdon"", 
`19252` = ""Dusp1"", `23797` = ""Akt3"", `18755` = ""Prkch"", `12331` = ""Cap1"", `239273` = ""Abcc4"", `20238` = ""Atxn1"", `22359` = ""Vldlr"", `13866` = ""Erbb2"", `17388` = ""Mmp15"", `213109` = ""Phf3"", `21873` = ""Tjp2"", `56376` = ""Pdlim5"", `19882` = ""Mst1r"", `17131` = ""Smad7"", `20779` = ""Src"", `53310` = ""Dlg3"", `17126` = ""Smad2"", `328365` = ""Zmiz1"", `69219` = ""Ddah1"", `109552` = ""Sri"", `11518` = ""Add1"", `18706` = ""Pik3ca"", `14537` = ""Gcnt1"", `74769` = ""Pik3cb"", `217166` = ""Nr1d1"", `17295` = ""Met"", `217866` = ""Cdc42bpb"", 
`219140` = ""Spata13"", `69562` = ""Cdk13"", `22612` = ""Yes1"", `13548` = ""Dyrk1a"", `353187` = ""Nr1d2"", `21813` = ""Tgfbr2"", `12166` = ""Bmpr1a"", `19016` = ""Pparg"", `74194` = ""Rnd3"", `207615` = ""Wdr37"", `18754` = ""Prkce"")"
"6","HALLMARK_EPITHELIAL_MESENCHYMAL_TRANSITION",1.29737916346984e-05,5.89717801577198e-05,0.593325476396405,0.449376581419998,1.87204192236622,135,"c(`54725` = ""Cadm1"", `20563` = ""Slit2"", `12332` = ""Capg"", `16774` = ""Lama3"", `18858` = ""Pmp22"", `65112` = ""Pmepa1"", `16782` = ""Lamc2"", `23959` = ""Nt5e"", `22003` = ""Tpm1"", `18132` = ""Notch4"", `12153` = ""Bmp1"", `20254` = ""Scg2"", `18793` = ""Plaur"", `11803` = ""Aplp1"", `22004` = ""Tpm2"", `21859` = ""Timp3"", `16410` = ""Itgav"", `16420` = ""Itgb6"", `52118` = ""Pvr"", `20969` = ""Sdc1"", `11853` = ""Rhoc"", `13601` = ""Ecm1"", `12827` = ""Col4a2"", `16419` = ""Itgb5"", `11852` = ""Rhob"", `21828` = ""Thbs4"", `12331` = ""Cap1"", 
`11848` = ""Rhoa"", `102857` = ""Slc6a8"", `16398` = ""Itga2"", `17388` = ""Mmp15"", `11461` = ""Actb"", `21933` = ""Tnfrsf10b"", `13518` = ""Dst"", `433182` = ""Eno1b"", `12550` = ""Cdh1"", `16009` = ""Igfbp3"", `13806` = ""Eno1"", `20971` = ""Sdc4"", `16010` = ""Igfbp4"", `68553` = ""Col6a4"", `18643` = ""Pfn1"")"
"7","HALLMARK_IL2_STAT5_SIGNALING",2.20756755290039e-06,1.22642641827799e-05,0.627256739718528,0.416203679986028,1.82645228453068,203,"c(`20525` = ""Slc2a1"", `12332` = ""Capg"", `18612` = ""Etv4"", `80981` = ""Arl4d"", `23959` = ""Nt5e"", `23849` = ""Klf6"", `17133` = ""Maff"", `24066` = ""Spry4"", `20725` = ""Serpinb8"", `433926` = ""Lrrc8b"", `677884` = ""Pakap"", `12577` = ""Cdkn1c"", `17978` = ""Ncoa2"", `18671` = ""Abcb1a"", `114716` = ""Spred2"", `11803` = ""Aplp1"", `18810` = ""Plec"", `16410` = ""Itgav"", `12156` = ""Bmp2"", `15945` = ""Cxcl10"", `20893` = ""Bhlhe40"", `21664` = ""Phlda1"", `11853` = ""Rhoc"", `13601` = ""Ecm1"", `20719` = ""Serpinb6a"", `12048` = ""Bcl2l1"", 
`13730` = ""Emp1"", `12334` = ""Capn2"", `94185` = ""Tnfrsf21"", `209378` = ""Itih5"", `11520` = ""Plin2"", `72267` = ""Lrrc8e"", `11852` = ""Rhob"", `18452` = ""P4ha2"", `71602` = ""Myo1e"", `66395` = ""Ahnak"", `18755` = ""Prkch"", `11848` = ""Rhoa"", `15275` = ""Hk1"", `17988` = ""Ndrg1"", `241296` = ""Lrrc8a"", `102747` = ""Lrrc49"", `55932` = ""Gbp3"", `320560` = ""Dennd5b"", `22038` = ""Plscr1"", `12367` = ""Casp3"", `17913` = ""Myo1c"", `13518` = ""Dst"", `29809` = ""Rabgap1l"", `17119` = ""Mxd1"", `18550` = ""Furin"", `216233` = ""Socs2"", 
`11658` = ""Alcam"", `54139` = ""Irf6"", `18438` = ""P2rx4"", `66616` = ""Snx9"", `170725` = ""Capn8"", `18451` = ""P4ha1"", `12444` = ""Ccnd2"", `73647` = ""Capn9"", `20973` = ""Syngr2"", `65960` = ""Twsg1"", `16878` = ""Lif"", `20430` = ""Cyfip1"", `229900` = ""Gbp7"", `227800` = ""Rabgap1"", `107702` = ""Rnh1"", `213056` = ""Fam126b"", `18754` = ""Prkce"", `54170` = ""Rragc"", `21898` = ""Tlr4"", `21938` = ""Tnfrsf1b"", `17164` = ""Mapkapk2"", `18553` = ""Pcsk6"", `57319` = ""Smpdl3a"")"
"8","HALLMARK_ESTROGEN_RESPONSE_EARLY",1.04799407388181e-05,5.23997036940904e-05,0.593325476396405,0.407843646689191,1.78906411631583,199,"c(`20525` = ""Slc2a1"", `16663` = ""Krt13"", `106572` = ""Rab31"", `171180` = ""Syt12"", `20856` = ""Stc2"", `14200` = ""Fhl2"", `93736` = ""Aff4"", `76453` = ""Prss23"", `286940` = ""Flnb"", `229595` = ""Adamtsl4"", `58801` = ""Pmaip1"", `30805` = ""Slc22a4"", `18442` = ""P2ry2"", `268527` = ""Greb1"", `225115` = ""Svil"", `16668` = ""Krt18"", `94249` = ""Slc24a3"", `207920` = ""Esrp1"", `17965` = ""Nbl1"", `20893` = ""Bhlhe40"", `20276` = ""Scnn1a"", `17776` = ""Mast2"", `55963` = ""Slc1a4"", `98952` = ""Fam102a"", `16598` = ""Klf2"", `76025` = ""Cant1"", 
`75007` = ""Mindy1"", `55948` = ""Sfn"", `22234` = ""Ugcg"", `207596` = ""Thsd4"", `66270` = ""Retreg1"", `12396` = ""Cbfa2t2"", `381157` = ""Greb1l"", `54608` = ""Abhd2"", `21847` = ""Klf10"", `20347` = ""Sema3b"", `77411` = ""Esrp2"", `16195` = ""Il6st"", `116914` = ""Slc19a2"", `53624` = ""Cldn7"", `17762` = ""Mapt"", `110651` = ""Rps6ka3"", `76459` = ""Car12"", `17355` = ""Aff1"", `22248` = ""Unc119"", `226101` = ""Myof"", `64292` = ""Ptges"", `11854` = ""Rhod"", `193796` = ""Kdm4b"", `171531` = ""Mlph"", `328329` = ""Mast4"", `11518` = ""Add1"", 
`101490` = ""Inpp5f"", `217837` = ""Itpk1"", `71946` = ""Endod1"", `16691` = ""Krt8"", `211652` = ""Wwc1"", `16452` = ""Jak2"", `16010` = ""Igfbp4"", `76199` = ""Med13l"", `16669` = ""Krt19"", `14281` = ""Fos"", `23802` = ""Amfr"", `14137` = ""Fdft1"", `230603` = ""Ttc39a"", `16451` = ""Jak1"", `223254` = ""Farp1"")"
"9","HALLMARK_HYPOXIA",1.498522437927e-05,6.2438434913625e-05,0.593325476396405,0.398963823070306,1.75079755689887,203,"c(`20525` = ""Slc2a1"", `66681` = ""Pgm2"", `21753` = ""Tes"", `319520` = ""Dusp4"", `20856` = ""Stc2"", `23849` = ""Klf6"", `17133` = ""Maff"", `12177` = ""Bnip3l"", `12226` = ""Btg1"", `14433` = ""Gapdh"", `12577` = ""Cdkn1c"", `14066` = ""F3"", `384783` = ""Irs2"", `13867` = ""Erbb3"", `12306` = ""Anxa2"", `13649` = ""Egfr"", `18793` = ""Plaur"", `16574` = ""Kif5c"", `54683` = ""Prdx5"", `12452` = ""Ccng2"", `20893` = ""Bhlhe40"", `12827` = ""Col4a2"", `74155` = ""Errfi1"", `17035` = ""Lxn"", `11520` = ""Plin2"", `11717` = ""Ampd3"", `12575` = ""Cdkn1a"", 
`18452` = ""P4ha2"", `109042` = ""Cavin3"", `19252` = ""Dusp1"", `74747` = ""Ddit4"", `11676` = ""Aldoc"", `15275` = ""Hk1"", `17988` = ""Ndrg1"", `11674` = ""Aldoa"", `22359` = ""Vldlr"", `13866` = ""Erbb2"", `14538` = ""Gcnt2"", `108829` = ""Jmjd1c"", `15476` = ""Hs3st1"", `433182` = ""Eno1b"", `109263` = ""Rlf"", `76459` = ""Car12"", `17872` = ""Ppp1r15a"", `18770` = ""Pklr"", `17886` = ""Myh9"", `26401` = ""Map3k1"", `16009` = ""Igfbp3"", `13806` = ""Eno1"", `18641` = ""Pfkl"", `18451` = ""P4ha1"", `20971` = ""Sdc4"", `228026` = ""Pdk1"", `71960` = ""Myh14"", 
`17999` = ""Nedd4"", `14735` = ""Gpc4"", `104263` = ""Kdm3a"", `13636` = ""Efna1"", `15203` = ""Heph"", `56484` = ""Foxo3"", `14281` = ""Fos"", `93691` = ""Klf7"", `11910` = ""Atf3"", `18484` = ""Pam"", `277250` = ""Kdm3b"", `17859` = ""Mxi1"", `22695` = ""Zfp36"", `230163` = ""Aldob"", `54170` = ""Rragc"", `108767` = ""Pnrc1"", `15937` = ""Ier3"", `14284` = ""Fosl2"", `21881` = ""Tkt"", `22346` = ""Vhl"", `22339` = ""Vegfa"", `18640` = ""Pfkfb2"", `54200` = ""Sult2b1"", `20970` = ""Sdc3"", `14751` = ""Gpi1"", `14042` = ""Ext1"", `21991` = ""Tpi1"", 
`75785` = ""Klhl24"", `12842` = ""Col1a1"", `110095` = ""Pygl"", `11977` = ""Atp7a"", `18655` = ""Pgk1"", `20778` = ""Scarb1"", `17748` = ""Mt1"", `14936` = ""Gys1"", `70974` = ""Pgm2l1"", `30046` = ""Zfp292"", `15277` = ""Hk2"", `22240` = ""Dpysl3"", `18712` = ""Pim1"", `16828` = ""Ldha"", `16367` = ""Irs1"")"
"10","HALLMARK_PROTEIN_SECRETION",0.000885704493861241,0.00295170640009207,0.477270815362862,0.408313923137446,1.6820367836504,123,"c(`98660` = ""Atp1a2"", `106572` = ""Rab31"", `12390` = ""Cav2"", `12176` = ""Bnip3"", `13867` = ""Erbb3"", `13649` = ""Egfr"", `22088` = ""Tsg101"", `11777` = ""Ap3s1"", `16668` = ""Krt18"", `70028` = ""Dop1b"", `192113` = ""Atp12a"", `26417` = ""Mapk3"", `14683` = ""Gnas"", `16561` = ""Kif1b"", `13866` = ""Erbb2"", `67074` = ""Mon2"", `11774` = ""Ap3b1"", `13518` = ""Dst"", `71770` = ""Ap2b1"", `66251` = ""Arfgap3"", `110651` = ""Rps6ka3"", `11487` = ""Adam10"", `20479` = ""Vps4b"", `20619` = ""Snap23"", `19341` = ""Rab4a"", `108123` = ""Napg"", 
`74616` = ""Scrn3"", `107767` = ""Scamp1"", `71943` = ""Tom1l1"", `18484` = ""Pam"", `271457` = ""Rab5a"", `20844` = ""Stam"", `16562` = ""Kif1c"", `211286` = ""Cln5"", `11305` = ""Abca2"", `211673` = ""Arfgef1"", `213827` = ""Arcn1"", `100226` = ""Stx12"", `12727` = ""Clcn4"", `19344` = ""Rab5b"", `68365` = ""Rab14"", `108124` = ""Napa"", `56418` = ""Ykt6"", `66366` = ""Ergic3"", `19063` = ""Ppt1"", `56041` = ""Uso1"", `99889` = ""Arfip1"", `11977` = ""Atp7a"", `76332` = ""Cog2"", `11764` = ""Ap1b1"", `208449` = ""Sgms1"", `54214` = ""Golga4"")"
"11","HALLMARK_KRAS_SIGNALING_UP",0.000137725900351912,0.000529715001353508,0.518848077743792,0.379347450242153,1.64665473775821,184,"c(`27260` = ""Plek2"", `12142` = ""Prdm1"", `18612` = ""Etv4"", `13836` = ""Epha2"", `217410` = ""Trib2"", `56847` = ""Aldh1a3"", `15431` = ""Hoxd11"", `228662` = ""Btbd3"", `106052` = ""Fbxo4"", `19279` = ""Ptprr"", `18671` = ""Abcb1a"", `12283` = ""Cab39"", `12387` = ""Ctnnb1"", `18791` = ""Plat"", `18793` = ""Plaur"", `101772` = ""Ano1"", `12156` = ""Bmp2"", `16574` = ""Kif5c"", `15945` = ""Cxcl10"", `12876` = ""Cpe"", `67603` = ""Dusp6"", `16598` = ""Klf2"", `13730` = ""Emp1"", `240832` = ""Tor1aip2"", `12223` = ""Btc"", `20568` = ""Slpi"", `22778` = ""Ikzf1"", 
`230257` = ""Ptbp3"", `14012` = ""Mpzl2"", `11669` = ""Aldh2"", `68813` = ""Dock5"", `23797` = ""Akt3"", `16480` = ""Jup"", `73379` = ""Dcbld2"", `15275` = ""Hk1"", `14254` = ""Flt1"", `14425` = ""Galnt3"", `207839` = ""Galnt6"", `211770` = ""Trib1"", `24064` = ""Spry2"", `16398` = ""Itga2"", `14063` = ""F2rl1"", `20347` = ""Sema3b"", `29809` = ""Rabgap1l"", `17948` = ""Naip2"", `15200` = ""Hbegf"", `235584` = ""Dusp7"", `17872` = ""Ppp1r15a"", `26401` = ""Map3k1"", `16009` = ""Igfbp3"", `213027` = ""Evi5l"", `12444` = ""Ccnd2"", `233489` = ""Picalm"", 
`268980` = ""Strn"", `102866` = ""Pls3"", `16878` = ""Lif"", `94186` = ""Strn3"", `97387` = ""Strn4"", `227800` = ""Rabgap1"", `71891` = ""Cdadc1"", `66390` = ""Prelid3b"", `14020` = ""Evi5"", `21938` = ""Tnfrsf1b"", `20440` = ""St6gal1"", `66805` = ""Tspan1"")"
"12","HALLMARK_APOPTOSIS",0.000944546048029463,0.00295170640009207,0.477270815362862,0.370547735171516,1.59813996921062,169,"c(`18611` = ""Pea15a"", `12227` = ""Btg2"", `12177` = ""Bnip3l"", `328572` = ""Ep300"", `13867` = ""Erbb3"", `58801` = ""Pmaip1"", `16952` = ""Anxa1"", `12387` = ""Ctnnb1"", `18791` = ""Plat"", `13649` = ""Egfr"", `16668` = ""Krt18"", `21859` = ""Timp3"", `11798` = ""Xiap"", `12156` = ""Bmp2"", `11853` = ""Rhoc"", `12048` = ""Bcl2l1"", `12042` = ""Bcl10"", `13730` = ""Emp1"", `22333` = ""Vdac1"", `11852` = ""Rhob"", `12575` = ""Cdkn1a"", `12257` = ""Tspo"", `56338` = ""Txnip"", `16480` = ""Jup"", `17210` = ""Mcl1"", `11848` = ""Rhoa"", `12125` = ""Bcl2l11"", 
`228355` = ""Madd"", `20515` = ""Slc20a1"", `13866` = ""Erbb2"", `12050` = ""Bcl2l2"", `12367` = ""Casp3"", `18412` = ""Sqstm1"", `17948` = ""Naip2"", `433182` = ""Eno1b"", `12633` = ""Cflar"", `17131` = ""Smad7"", `13806` = ""Eno1"", `19697` = ""Rela"", `19698` = ""Relb"", `14083` = ""Ptk2"", `12444` = ""Ccnd2"", `11518` = ""Add1"", `16854` = ""Lgals3"", `11567` = ""Avil"", `11910` = ""Atf3"", `16905` = ""Lmna"", `20516` = ""Slc20a2"", `22390` = ""Wee1"", `14528` = ""Gch1"")"
"13","HALLMARK_INFLAMMATORY_RESPONSE",0.00176971565559253,0.00465714646208562,0.45505986738723,0.377893899734065,1.58697625903394,143,"c(`326623` = ""Tnfsf15"", `12227` = ""Btg2"", `23849` = ""Klf6"", `15251` = ""Hif1a"", `14066` = ""F3"", `50723` = ""Icosl"", `320910` = ""Itgb8"", `18442` = ""P2ry2"", `18793` = ""Plaur"", `13614` = ""Edn1"", `13136` = ""Cd55"", `16410` = ""Itgav"", `52118` = ""Pvr"", `15945` = ""Cxcl10"", `12575` = ""Cdkn1a"", `54393` = ""Gabbr1"", `20312` = ""Cx3cl1"", `73379` = ""Dcbld2"", `15451` = ""Hpn"", `11308` = ""Abi1"", `16561` = ""Kif1b"", `22359` = ""Vldlr"", `16518` = ""Kcnj2"", `17388` = ""Mmp15"", `16822` = ""Lcp2"", `15465` = ""Hrh1"", `17119` = ""Mxd1"", 
`19882` = ""Mst1r"", `15200` = ""Hbegf"", `18438` = ""P2rx4"", `19697` = ""Rela"", `19698` = ""Relb"", `108960` = ""Irak2"", `14677` = ""Gnai1"", `109552` = ""Sri"", `18578` = ""Pde4b"", `18414` = ""Osmr"", `14678` = ""Gnai2"", `17295` = ""Met"", `16878` = ""Lif"", `13819` = ""Epas1"", `14528` = ""Gch1"", `16562` = ""Kif1c"", `11305` = ""Abca2"", `21938` = ""Tnfrsf1b"", `15980` = ""Ifngr2"", `269275` = ""Acvr1c"", `11480` = ""Acvr2a"", `17329` = ""Cxcl9"", `19219` = ""Ptger4"", `16190` = ""Il4ra"", `11622` = ""Ahr"")"
"14","HALLMARK_COMPLEMENT",0.00125256768836278,0.00368402261283169,0.45505986738723,0.354429572908943,1.5394877427777,188,"c(`72269` = ""Cda"", `170638` = ""Hpcal4"", `109264` = ""Me3"", `380921` = ""Dgkh"", `19052` = ""Ppp2ca"", `17133` = ""Maff"", `15378` = ""Hnf4a"", `14066` = ""F3"", `18132` = ""Notch4"", `18791` = ""Plat"", `18793` = ""Plaur"", `13136` = ""Cd55"", `22041` = ""Trf"", `240672` = ""Dusp5"", `11747` = ""Anxa5"", `12827` = ""Col4a2"", `67603` = ""Dusp6"", `98878` = ""Ehd4"", `14688` = ""Gnb1"", `100102` = ""Pcsk9"", `381511` = ""Pdp1"", `22038` = ""Plscr1"", `17388` = ""Mmp15"", `16822` = ""Lcp2"", `16363` = ""Irf2"", `12367` = ""Casp3"", `12902` = ""Cr2"", 
`12315` = ""Calm3"", `69181` = ""Dyrk2"", `235584` = ""Dusp7"", `20779` = ""Src"", `14677` = ""Gnai1"", `60595` = ""Actn4"", `11502` = ""Adam9"", `14678` = ""Gnai2"", `19822` = ""Rnf4"", `63985` = ""Gmfb"", `16854` = ""Lgals3"", `16452` = ""Jak2"", `18706` = ""Pik3ca"", `16889` = ""Lipa"", `15203` = ""Heph"", `74769` = ""Pik3cb"", `18643` = ""Pfn1"", `13139` = ""Dgka"", `78287` = ""Rbsn"", `223770` = ""Brd1"", `16451` = ""Jak1"", `22612` = ""Yes1"")"
"15","HALLMARK_HEME_METABOLISM",0.00374943425837009,0.00892722442469069,0.431707695803346,0.336884498650789,1.49052479891454,214,"c(`20525` = ""Slc2a1"", `21781` = ""Tfdp1"", `54484` = ""Mkrn1"", `18563` = ""Pcx"", `26570` = ""Slc7a11"", `12227` = ""Btg2"", `12177` = ""Bnip3l"", `13034` = ""Ctse"", `12361` = ""Cask"", `30805` = ""Slc22a4"", `140780` = ""Bmp2k"", `22439` = ""Xk"", `59125` = ""Nek7"", `242418` = ""Dcaf10"", `320253` = ""Marchf3"", `20975` = ""Synj2"", `26397` = ""Map2k3"", `28169` = ""Agpat3"", `192657` = ""Ell2"", `18452` = ""P4ha2"", `219094` = ""Khnyn"", `71207` = ""Nudt4"", `269774` = ""Aak1"", `53378` = ""Sdcbp"", `26357` = ""Abcg2"", `102857` = ""Slc6a8"", 
`228608` = ""Smox"", `14055` = ""Ezh1"", `78908` = ""Igsf3"", `319939` = ""Tns3"", `214601` = ""Slc10a3"", `319158` = ""H4c9"", `13728` = ""Mark2"", `56209` = ""Gde1"", `208846` = ""Daam1"", `100862085` = ""Gm16867"", `67712` = ""Slc25a37"", `67608` = ""Narf"", `56224` = ""Tspan5"", `18451` = ""P4ha1"", `12444` = ""Ccnd2"", `233489` = ""Picalm"", `72674` = ""Adipor1"", `11518` = ""Add1"", `66878` = ""Riok3"", `71946` = ""Endod1"", `56484` = ""Foxo3"", `18519` = ""Kat2b"", `214597` = ""Sidt2"", `16909` = ""Lmo2"", `27057` = ""Ncoa4"", `15191` = ""Hdgf"", 
`15467` = ""Eif2ak1"", `17859` = ""Mxi1"", `67182` = ""Pdzk1ip1"", `338523` = ""Kdm7a"", `66935` = ""Cir1"", `65107` = ""Lrp10"", `76303` = ""Osbp"", `14630` = ""Gclm"", `59126` = ""Nek6"", `433256` = ""Acsl5"", `380711` = ""Rap1gap2"", `16599` = ""Klf3"", `11975` = ""Atp6v0a1"", `12727` = ""Clcn4"", `64899` = ""Lpin3"")"
"16","HALLMARK_MYOGENESIS",0.00587657838256637,0.0133558599603781,0.407017918923954,0.340777053751817,1.47563638077077,171,"c(`13836` = ""Epha2"", `18563` = ""Pcx"", `20856` = ""Stc2"", `22003` = ""Tpm1"", `76722` = ""Ckmt2"", `21679` = ""Tead4"", `192897` = ""Itgb4"", `18132` = ""Notch4"", `13867` = ""Erbb3"", `13649` = ""Egfr"", `225115` = ""Svil"", `67399` = ""Pdlim7"", `22004` = ""Tpm2"", `16420` = ""Itgb6"", `20893` = ""Bhlhe40"", `12827` = ""Col4a2"", `16400` = ""Itga3"", `18845` = ""Plxna2"", `16419` = ""Itgb5"", `12575` = ""Cdkn1a"", `23797` = ""Akt3"", `15982` = ""Ifrd1"", `102857` = ""Slc6a8"", `14199` = ""Fhl1"", `13866` = ""Erbb2"", `17913` = ""Myo1c"", `11461` = ""Actb"", 
`18844` = ""Plxna1"", `20411` = ""Sorbs1"", `13400` = ""Dmpk"", `66922` = ""Rras2"", `15200` = ""Hbegf"", `17886` = ""Myh9"", `16009` = ""Igfbp3"", `18641` = ""Pfkl"", `60595` = ""Actn4"", `19769` = ""Rit1"", `71960` = ""Myh14"", `20973` = ""Syngr2"", `22288` = ""Utrn"", `16404` = ""Itga7"", `13682` = ""Eif4a2"", `68553` = ""Col6a4"", `11567` = ""Avil"", `108058` = ""Camk2d"", `235611` = ""Plxnb1"", `12759` = ""Clu"", `226251` = ""Ablim1"", `433256` = ""Acsl5"", `93739` = ""Gabarapl2"", `64899` = ""Lpin3"", `107589` = ""Mylk"", `20259` = ""Scin"", 
`17258` = ""Mef2a"", `22349` = ""Vil1"", `13848` = ""Ephb6"", `13845` = ""Ephb3"", `12842` = ""Col1a1"", `59069` = ""Tpm3"", `110095` = ""Pygl"", `12908` = ""Crat"", `53313` = ""Atp2a3"", `77090` = ""Ocel1"", `227753` = ""Gsn"", `54601` = ""Foxo4"", `14778` = ""Gpx3"", `13844` = ""Ephb2"", `11938` = ""Atp2a2"", `12709` = ""Ckb"", `12323` = ""Camk2b"")"
"17","HALLMARK_COAGULATION",0.0174354594461461,0.0348709188922921,0.352487857583619,0.358893159704477,1.46121813055443,115,"c(`11813` = ""Apoc2"", `93732` = ""Acox2"", `17133` = ""Maff"", `12337` = ""Capn5"", `13034` = ""Ctse"", `76453` = ""Prss23"", `15378` = ""Hnf4a"", `14066` = ""F3"", `93721` = ""Cpn1"", `12153` = ""Bmp1"", `16952` = ""Anxa1"", `18791` = ""Plat"", `19128` = ""Pros1"", `21859` = ""Timp3"", `22041` = ""Trf"", `67603` = ""Dusp6"", `12334` = ""Capn2"", `14688` = ""Gnb1"", `19123` = ""Proc"", `21828` = ""Thbs4"", `15451` = ""Hpn"", `16398` = ""Itga2"", `17388` = ""Mmp15"", `11844` = ""Arf5"", `18550` = ""Furin"", `235584` = ""Dusp7"", `20779` = ""Src"", `19353` = ""Rac1"", 
`170725` = ""Capn8"", `73647` = ""Capn9"", `11502` = ""Adam9"")"
"18","HALLMARK_PI3K_AKT_MTOR_SIGNALING",0.011021396742216,0.0239595581352522,0.380730400722792,0.347702655502682,1.45321801830502,139,"c(`20525` = ""Slc2a1"", `13867` = ""Erbb3"", `17127` = ""Smad3"", `12283` = ""Cab39"", `13649` = ""Egfr"", `22631` = ""Ywhaz"", `26417` = ""Mapk3"", `26397` = ""Map2k3"", `12575` = ""Cdkn1a"", `18176` = ""Nras"", `21937` = ""Tnfrsf1a"", `23797` = ""Akt3"", `26377` = ""Dapp1"", `14675` = ""Gna14"", `606496` = ""Gsk3a"", `66713` = ""Actr2"", `64143` = ""Ralb"", `55948` = ""Sfn"", `13866` = ""Erbb2"", `18412` = ""Sqstm1"", `110651` = ""Rps6ka3"", `19045` = ""Ppp1ca"", `19353` = ""Rac1"", `17126` = ""Smad2"", `19769` = ""Rit1"", `15170` = ""Ptpn6"", `192662` = ""Arhgdia"", 
`228026` = ""Pdk1"", `56044` = ""Rala"", `18643` = ""Pfn1"", `74117` = ""Actr3"", `14682` = ""Gnaq"", `26409` = ""Map3k7"", `16653` = ""Kras"", `17347` = ""Mknk2"", `26419` = ""Mapk8"", `210044` = ""Adcy2"", `56637` = ""Gsk3b"", `19766` = ""Ripk1"", `17691` = ""Sik1"", `56550` = ""Ube2d2a"", `108079` = ""Prkaa2"", `17973` = ""Nck1"", `18710` = ""Pik3r3"", `18711` = ""Pikfyve"", `19211` = ""Pten"", `110355` = ""Grk2"", `56378` = ""Arpc3"", `16440` = ""Itpr3"")"
"19","HALLMARK_ANDROGEN_RESPONSE",0.0216419778807553,0.0402898300612119,0.352487857583619,0.335259405499105,1.39123682186978,130,"c(`65112` = ""Pmepa1"", `56847` = ""Aldh1a3"", `117167` = ""Steap4"", `74205` = ""Acsl3"", `67399` = ""Pdlim7"", `16410` = ""Itgav"", `234515` = ""Inpp4b"", `27416` = ""Abcc5"", `20322` = ""Sord"", `231070` = ""Insig1"", `192657` = ""Ell2"", `11669` = ""Aldh2"", `23797` = ""Akt3"", `17988` = ""Ndrg1"", `239273` = ""Abcc4"", `20363` = ""Selenop"", `54608` = ""Abhd2"", `218294` = ""Cdc14b"", `235130` = ""Adamts15"", `56542` = ""Cilk1"", `56376` = ""Pdlim5"", `110651` = ""Rps6ka3"", `19341` = ""Rab4a"", `328365` = ""Zmiz1"", `12444` = ""Ccnd2"", `14677` = ""Gnai1"", 
`60595` = ""Actn4"", `14678` = ""Gnai2"", `16691` = ""Krt8"", `19229` = ""Ptk2b"", `16669` = ""Krt19"", `27057` = ""Ncoa4"", `12166` = ""Bmpr1a"", `20807` = ""Srf"", `73998` = ""Herc3"", `26557` = ""Homer2"", `30960` = ""Vapa"")"
"20","HALLMARK_INTERFERON_GAMMA_RESPONSE",0.0146364450851057,0.0304925939273035,0.380730400722792,-0.271211309448065,-1.33625968142003,221,"c(`20454` = ""St3gal5"", `14960` = ""H2-Aa"", `12628` = ""Cfh"", `16149` = ""Cd74"", `14961` = ""H2-Ab1"", `14998` = ""H2-DMa"", `12265` = ""Ciita"", `14969` = ""H2-Eb1"", `112419` = ""Ifit1bl2"", `22035` = ""Tnfsf10"", `15016` = ""H2-Q5"", `15018` = ""H2-Q7"", `22271` = ""Upp1"", `667977` = ""Gm8909"", `16913` = ""Psmb8"", `20656` = ""Sod2"", `15043` = ""H2-T3"", `15039` = ""H2-T22"", `14991` = ""H2-M3"", `12364` = ""Casp12"", `16169` = ""Il15ra"", `246696` = ""Slc25a28"", `16912` = ""Psmb9"", `15013` = ""H2-Q2"", `15900` = ""Irf8"", `16068` = ""Il18bp"", 
`26445` = ""Psmb2"", `76074` = ""Gbp8"", `14938` = ""Gzma"", `19188` = ""Psme2"", `110557` = ""H2-Q6"", `11861` = ""Arl4a"", `14102` = ""Fas"", `12010` = ""B2m"", `15040` = ""H2-T23"", `17069` = ""Ly6e"", `71664` = ""Mettl7b"", `66988` = ""Lap3"", `71701` = ""Pnpt1"", `12703` = ""Socs1"", `71805` = ""Nup93"", `319974` = ""Auts2"", `15930` = ""Ido1"", `18715` = ""Pim2"", `108670` = ""Epsti1"", `107607` = ""Nod1"")"
"21","HALLMARK_KRAS_SIGNALING_DN",0.0217565082330544,0.0402898300612119,0.352487857583619,-0.295115361275563,-1.3634906713349,134,"c(`56543` = ""Kcnd3"", `18772` = ""Pkp1"", `243085` = ""Ugt2b35"", `22238` = ""Ugt2b5"", `18227` = ""Nr4a2"", `13615` = ""Edn2"", `109791` = ""Clps"", `231396` = ""Ugt2b36"", `14536` = ""Nr6a1"", `19125` = ""Prodh"", `53883` = ""Celsr2"", `11459` = ""Acta1"", `66972` = ""Slc25a23"", `18126` = ""Nos2"", `11997` = ""Akr1b7"", `67426` = ""Coq8a"", `56358` = ""Copz2"", `12266` = ""C3"", `27219` = ""Sgk2"", `26914` = ""Macroh2a1"", `100727` = ""Ugt2b34"", `56774` = ""Slc6a14"", `21952` = ""Tnni1"", `20496` = ""Slc12a2"", `12428` = ""Ccna2"", `74645` = ""Tent5c"", 
`19719` = ""Rfng"", `100862375` = ""Entpd4b"", `213417` = ""Klhdc8a"")"
"22","HALLMARK_MYC_TARGETS_V1",0.00220248499823686,0.00550621249559216,0.431707695803346,-0.292727809793577,-1.45160947483809,232,"c(`12330` = ""Canx"", `26445` = ""Psmb2"", `99138` = ""Stard7"", `69192` = ""Dhx16"", `66445` = ""Cyc1"", `107995` = ""Cdc20"", `16647` = ""Kpna2"", `381760` = ""Ssbp1"", `12417` = ""Cbx3"", `26446` = ""Psmb3"", `106344` = ""Rfc4"", `12428` = ""Ccna2"", `14719` = ""Got2"", `66446` = ""Exosc7"", `22123` = ""Psmd3"", `56150` = ""Mad2l1"", `15182` = ""Hdac2"", `70316` = ""Ndufab1"", `233870` = ""Tufm"", `77605` = ""H2az2"", `22194` = ""Ube2e1"", `433759` = ""Hdac1"", `17463` = ""Psmd7"", `22630` = ""Ywhaq"", `51788` = ""H2az1"", `55944` = ""Eif3d"", 
`18972` = ""Pold2"", `12571` = ""Cdk6"", `12544` = ""Cdc45"", `12858` = ""Cox5a"", `19359` = ""Rad23b"", `22171` = ""Tyms"", `12567` = ""Cdk4"", `17219` = ""Mcm6"", `20817` = ""Srpk2"", `21672` = ""Prdx2"", `53379` = ""Hnrnpa2b1"", `20382` = ""Srsf2"", `67089` = ""Psmc6"", `53607` = ""Snrpa"", `26440` = ""Psma1"", `15528` = ""Hspe1"", `26443` = ""Psma6"", `23918` = ""Impdh2"", `18477` = ""Prdx1"", `17217` = ""Mcm4"", `13684` = ""Eif4e"", `20383` = ""Srsf3"", `110639` = ""Prps2"", `21849` = ""Trim28"", `20133` = ""Rrm1"", `67332` = ""Snrpd3"", `11431` = ""Acp1"", 
`53975` = ""Ddx20"", `19384` = ""Ran"", `17216` = ""Mcm2"", `26444` = ""Psma7"", `68981` = ""Snrpa1"", `12412` = ""Cbx1"", `12566` = ""Cdk2"", `229279` = ""Hnrnpa3"", `66118` = ""Sarnp"", `18393` = ""Orc2"", `12785` = ""Cnbp"", `433702` = ""Ncbp1"", `110809` = ""Srsf1"", `67115` = ""Rpl14"", `70247` = ""Psmd1"", `27756` = ""Lsm2"", `23996` = ""Psmc4"", `67134` = ""Nop56"", `27041` = ""G3bp1"", `225027` = ""Srsf7"", `79059` = ""Nme3"", `12462` = ""Cct3"", `14113` = ""Fbl"", `53381` = ""Prdx4"", `66235` = ""Eif1ax"", `14375` = ""Xrcc6"", `19826` = ""Rnps1"", 
`68436` = ""Rpl34"", `230908` = ""Tardbp"", `15519` = ""Hsp90aa1"", `66870` = ""Serbp1"", `17220` = ""Mcm7"", `20174` = ""Ruvbl2"", `12034` = ""Phb2"", `19166` = ""Psma2"", `24015` = ""Abce1"", `56351` = ""Ptges3"", `83410` = ""Cstf2t"", `26441` = ""Psma4"", `66094` = ""Lsm7"", `108121` = ""U2af1"", `68988` = ""Prpf31"", `18673` = ""Phb"", `107686` = ""Snrpd2"", `20641` = ""Snrpd1"", `110052` = ""Dek"", `18538` = ""Pcna"", `28126` = ""Nop16"", `12729` = ""Clns1a"", `18813` = ""Pa2g4"", `103136` = ""Pwp1"", `28185` = ""Tomm70a"", `110074` = ""Dut"", 
`22335` = ""Vdac3"", `15382` = ""Hnrnpa1"", `52530` = ""Nhp2"", `12468` = ""Cct7"", `15510` = ""Hspd1"", `15381` = ""Hnrnpc"", `18102` = ""Nme1"")"
"23","HALLMARK_ADIPOGENESIS",0.00158697909486119,0.00440827526350329,0.45505986738723,-0.295499968787663,-1.46401607487458,230,"c(`57263` = ""Retnlb"", `20887` = ""Sult1a1"", `232089` = ""Elmod3"", `11770` = ""Fabp4"", `67442` = ""Retsat"", `68202` = ""Ndufa5"", `69721` = ""Nkiras1"", `107029` = ""Me2"", `11668` = ""Aldh1a1"", `19218` = ""Ptger3"", `13171` = ""Dbt"", `28080` = ""Atp5o"", `16956` = ""Lpl"", `269951` = ""Idh2"", `54609` = ""Ubqln2"", `67834` = ""Idh3a"", `12580` = ""Cdkn2c"", `12266` = ""C3"", `66916` = ""Ndufb7"", `22272` = ""Uqcrq"", `11303` = ""Abca1"", `19285` = ""Cavin1"", `66375` = ""Dhrs7"", `66445` = ""Cyc1"", `94044` = ""Bcl2l13"", `11861` = ""Arl4a"", 
`13202` = ""Ddt"", `103172` = ""Chchd10"", `20509` = ""Slc19a1"", `11370` = ""Acadvl"", `229211` = ""Acad9"", `26926` = ""Aifm1"", `72535` = ""Aldh1b1"", `69956` = ""Ptcd3"", `110391` = ""Qdpr"", `13602` = ""Sparcl1"", `66594` = ""Uqcr11"", `12861` = ""Cox6a1"", `17448` = ""Mdh2"", `67914` = ""Coq9"", `16890` = ""Lipe"", `68349` = ""Ndufs3"", `56451` = ""Suclg1"", `18107` = ""Nmt1"", `26569` = ""Slc27a4"", `66142` = ""Cox7b"", `70316` = ""Ndufab1"", `66152` = ""Uqcr10"", `66092` = ""Ghitm"", `67680` = ""Sdhb"", `18715` = ""Pim2"", `56428` = ""Mtch2"", 
`14085` = ""Fah"", `66148` = ""Dnajc15"", `13382` = ""Dld"", `56085` = ""Ubqln1"", `13120` = ""Cyp4b1"", `93747` = ""Echs1"", `268566` = ""Gphn"", `11429` = ""Aco2"", `52538` = ""Acaa2"", `68653` = ""Samm50"", `74591` = ""Abca12"", `52064` = ""Coq5"", `27403` = ""Abca7"", `23881` = ""G3bp2"", `13350` = ""Dgat1"", `66205` = ""Cd302"", `23882` = ""Gadd45g"", `22245` = ""Uck1"", `12868` = ""Cox8a"", `67713` = ""Dnajc19"", `51798` = ""Ech1"", `67809` = ""Rmdn3"", `20514` = ""Slc1a5"", `67767` = ""Jagn1"", `270198` = ""Pfkfb4"", `76614` = ""Immt"", `67460` = ""Decr1"", 
`102247` = ""Gpat4"")"
"24","HALLMARK_BILE_ACID_METABOLISM",0.000684894423660384,0.0024460515130728,0.477270815362862,-0.391125588705286,-1.69880951462051,97,"c(`67470` = ""Abcg8"", `13370` = ""Dio1"", `243168` = ""Hsd17b13"", `26458` = ""Slc27a2"", `19193` = ""Pipox"", `67442` = ""Retsat"", `212503` = ""Paox"", `15493` = ""Hsd3b2"", `105387` = ""Akr1c14"", `11668` = ""Aldh1a1"", `269951` = ""Idh2"", `107605` = ""Rdh1"", `19301` = ""Pxmp2"", `15494` = ""Hsd3b3"", `11303` = ""Abca1"", `18631` = ""Pex11a"", `101502` = ""Hsd3b7"", `105349` = ""Akr1c18"", `20186` = ""Nr1h4"", `76267` = ""Fads1"", `72535` = ""Aldh1b1"", `16890` = ""Lipe"", `69129` = ""Pex11g"", `74043` = ""Pex26"", `17117` = ""Amacr"", `17096` = ""Lyn"", 
`76263` = ""Gstk1"", `14712` = ""Gnpat"", `432720` = ""Akr1c19"", `74591` = ""Abca12"", `27403` = ""Abca7"")"
"25","HALLMARK_G2M_CHECKPOINT",8.17656754170799e-07,5.11035471356749e-06,0.659444398037935,-0.355260205894776,-1.77293778741099,245,"c(`20873` = ""Plk4"", `105988` = ""Espl1"", `233406` = ""Prc1"", `19366` = ""Rad54l"", `193740` = ""Hspa1a"", `15364` = ""Hmga2"", `12443` = ""Ccnd1"", `209737` = ""Kif15"", `67141` = ""Fbxo5"", `20878` = ""Aurka"", `77782` = ""Polq"", `15511` = ""Hspa1b"", `12235` = ""Bub1"", `26934` = ""Racgap1"", `108907` = ""Nusap1"", `12580` = ""Cdkn2c"", `21973` = ""Top2a"", `12530` = ""Cdc25a"", `20877` = ""Aurkb"", `319190` = ""H2bc21"", `268697` = ""Ccnb1"", `12615` = ""Cenpa"", `108000` = ""Cenpf"", `12545` = ""Cdc7"", `107995` = ""Cdc20"", `66197` = ""Cks2"", 
`17865` = ""Mybl2"", `17279` = ""Melk"", `12442` = ""Ccnb2"", `11799` = ""Birc5"", `16647` = ""Kpna2"", `71819` = ""Kif23"", `13555` = ""E2f1"", `19134` = ""Prpf4b"", `20496` = ""Slc12a2"", `242705` = ""E2f2"", `12531` = ""Cdc25b"", `16201` = ""Ilf3"", `69957` = ""Cdc16"", `12417` = ""Cbx3"", `21335` = ""Tacc3"", `16551` = ""Kif11"", `18817` = ""Plk1"", `76464` = ""Knl1"", `12428` = ""Ccna2"", `22137` = ""Ttk"", `18973` = ""Pole"", `16765` = ""Stmn1"", `17345` = ""Mki67"", `68612` = ""Ube2c"", `19891` = ""Rpa2"", `56150` = ""Mad2l1"", `110033` = ""Kif22"", 
`15354` = ""Hmgb3"", `15374` = ""Jpt1"", `27214` = ""Dbf4"", `17420` = ""Mnat1"", `77605` = ""H2az2"", `15270` = ""H2ax"", `30939` = ""Pttg1"", `21887` = ""Tle3"", `17215` = ""Mcm3"", `20937` = ""Suv39h1"", `51788` = ""H2az1"", `16882` = ""Lig3"", `12571` = ""Cdk6"", `22036` = ""Traip"", `12544` = ""Cdc45"", `19359` = ""Rad23b"", `18005` = ""Nek2"", `52033` = ""Pbk"", `12567` = ""Cdk4"", `17219` = ""Mcm6"", `15366` = ""Hmmr"", `20382` = ""Srsf2"", `100710` = ""Pds5b"", `272551` = ""Gins2"", `21917` = ""Tmpo"", `54124` = ""Cks1b"", `14211` = ""Smc2"", 
`60406` = ""Sap30"", `100042405` = ""Gm10282"", `12449` = ""Ccnf"", `22245` = ""Uck1"", `26909` = ""Exo1"", `73804` = ""Kif2c"", `18969` = ""Pola2"", `50927` = ""Nasp"", `16319` = ""Incenp"", `13405` = ""Dmd"", `17216` = ""Mcm2"", `12412` = ""Cbx1"", `12566` = ""Cdk2"", `66118` = ""Sarnp"", `107503` = ""Atf5"", `21915` = ""Dtymk"", `14088` = ""Fancc"", `16571` = ""Kif4"", `110809` = ""Srsf1"", `20539` = ""Slc7a5"", `27041` = ""G3bp1"", `98386` = ""Lbr"", `16906` = ""Lmnb1"", `16582` = ""Kifc3"", `15331` = ""Hmgn2"")"
"26","HALLMARK_E2F_TARGETS",1e-10,2.5e-09,NA,-0.435411756761309,-2.15916564953742,232,"c(`20873` = ""Plk4"", `105988` = ""Espl1"", `13178` = ""Dck"", `70699` = ""Nup205"", `106618` = ""Wdr90"", `19362` = ""Rad51ap1"", `15364` = ""Hmga2"", `105787` = ""Prkaa1"", `68298` = ""Ncapd2"", `20878` = ""Aurka"", `26934` = ""Racgap1"", `106795` = ""Tcf19"", `12580` = ""Cdkn2c"", `21973` = ""Top2a"", `12530` = ""Cdc25a"", `228421` = ""Kif18a"", `20877` = ""Aurkb"", `268697` = ""Ccnb1"", `107995` = ""Cdc20"", `66197` = ""Cks2"", `70218` = ""Kif18b"", `17865` = ""Mybl2"", `17279` = ""Melk"", `12442` = ""Ccnb2"", `11799` = ""Birc5"", `52276` = ""Cdca8"", 
`16647` = ""Kpna2"", `19718` = ""Rfc2"", `103733` = ""Tubg1"", `22151` = ""Tubb2a"", `12531` = ""Cdc25b"", `16201` = ""Ilf3"", `20833` = ""Ssrp1"", `20135` = ""Rrm2"", `14793` = ""Cdca3"", `21335` = ""Tacc3"", `18971` = ""Pold1"", `22256` = ""Ung"", `18861` = ""Pms2"", `15201` = ""Hells"", `18817` = ""Plk1"", `18973` = ""Pole"", `16765` = ""Stmn1"", `67629` = ""Spc24"", `21877` = ""Tk1"", `50883` = ""Chek2"", `12447` = ""Ccne1"", `17345` = ""Mki67"", `19891` = ""Rpa2"", `56150` = ""Mad2l1"", `110033` = ""Kif22"", `15354` = ""Hmgb3"", `15374` = ""Jpt1"", 
`77605` = ""H2az2"", `15270` = ""H2ax"", `108961` = ""E2f8"", `30939` = ""Pttg1"", `22154` = ""Tubb5"", `17215` = ""Mcm3"", `20937` = ""Suv39h1"", `51788` = ""H2az1"", `18972` = ""Pold2"", `12571` = ""Cdk6"", `21853` = ""Timeless"", `19360` = ""Rad50"", `97165` = ""Hmgb2"", `12567` = ""Cdk4"", `69639` = ""Exosc8"", `66471` = ""Anp32e"", `17219` = ""Mcm6"", `15366` = ""Hmmr"", `21672` = ""Prdx2"", `19646` = ""Rbbp4"", `20382` = ""Srsf2"", `108037` = ""Shmt2"", `100710` = ""Pds5b"", `69724` = ""Rnaseh2a"", `21917` = ""Tmpo"", `19355` = ""Rad1"", `54124` = ""Cks1b"", 
`18477` = ""Prdx1"", `60364` = ""Donson"", `16881` = ""Lig1"", `17217` = ""Mcm4"", `110639` = ""Prps2"", `17768` = ""Mthfd2"", `17350` = ""Mlh1"", `12236` = ""Bub1b"", `218977` = ""Dlgap5"", `73804` = ""Kif2c"", `56419` = ""Diaph3"", `18969` = ""Pola2"", `50927` = ""Nasp"", `69270` = ""Gins1"", `19384` = ""Ran"", `66422` = ""Dctpp1"", `17216` = ""Mcm2"", `68981` = ""Snrpa1"", `58184` = ""Cnot9"", `12566` = ""Cdk2"", `66131` = ""Tipin"", `18949` = ""Pnn"", `20492` = ""Slbp"", `18393` = ""Orc2"", `16571` = ""Kif4"", `110809` = ""Srsf1"", `67134` = ""Nop56"", 
`79059` = ""Nme3"", `53381` = ""Prdx4"", `98386` = ""Lbr"", `14375` = ""Xrcc6"", `69263` = ""Rfc3"", `16906` = ""Lmnb1"")"
"27","HALLMARK_OXIDATIVE_PHOSPHORYLATION",1e-10,2.5e-09,NA,-0.502875436445277,-2.49127424395092,225,"c(`27060` = ""Tcirg1"", `12866` = ""Cox7a2"", `67442` = ""Retsat"", `27273` = ""Pdk4"", `193740` = ""Hspa1a"", `68202` = ""Ndufa5"", `11951` = ""Atp5g1"", `17449` = ""Mdh1"", `50497` = ""Hspa14"", `66046` = ""Ndufb5"", `70383` = ""Cox10"", `18115` = ""Nnt"", `28080` = ""Atp5o"", `15511` = ""Hspa1b"", `269951` = ""Idh2"", `18242` = ""Oat"", `71679` = ""Atp5h"", `66495` = ""Ndufb3"", `72900` = ""Ndufv2"", `108853` = ""Mtrf1l"", `67834` = ""Idh3a"", `230075` = ""Ndufb6"", `13063` = ""Cycs"", `67994` = ""Mrps11"", `12864` = ""Cox6c"", `69046` = ""Isca1"", 
`11958` = ""Atp5k"", `67530` = ""Uqcrb"", `66916` = ""Ndufb7"", `100041273` = ""Ndufb4c"", `22272` = ""Uqcrq"", `66043` = ""Atp5d"", `110920` = ""Hspa13"", `66445` = ""Cyc1"", `68375` = ""Ndufa8"", `68263` = ""Pdhb"", `30056` = ""Timm9"", `67126` = ""Atp5e"", `57423` = ""Atp5j2"", `75406` = ""Ndufs7"", `11370` = ""Acadvl"", `66377` = ""Ndufc1"", `66925` = ""Sdhd"", `229211` = ""Acad9"", `15505` = ""Hsph1"", `11655` = ""Alas1"", `66091` = ""Ndufa3"", `17993` = ""Ndufs4"", `12282` = ""Hyou1"", `68194` = ""Ndufb4"", `26926` = ""Aifm1"", `228033` = ""Atp5g3"", 
`235674` = ""Acaa1b"", `66694` = ""Uqcrfs1"", `14719` = ""Got2"", `67264` = ""Ndufb8"", `66594` = ""Uqcr11"", `11957` = ""Atp5j"", `12861` = ""Cox6a1"", `17448` = ""Mdh2"", `68349` = ""Ndufs3"", `56451` = ""Suclg1"", `17995` = ""Ndufv1"", `11950` = ""Atp5pb"", `66142` = ""Cox7b"", `56357` = ""Ivd"", `66576` = ""Uqcrh"", `70316` = ""Ndufab1"", `68197` = ""Ndufc2"", `407785` = ""Ndufs6"", `78920` = ""Dlst"", `66152` = ""Uqcr10"", `67680` = ""Sdhb"", `66407` = ""Mrps15"", `18293` = ""Ogdh"", `52535` = ""Mettl17"", `66223` = ""Mrpl35"", `12859` = ""Cox5b"", 
`18597` = ""Pdha1"", `17161` = ""Maoa"", `94065` = ""Mrpl34"", `225887` = ""Ndufs8"", `13382` = ""Dld"", `93747` = ""Echs1"", `12867` = ""Cox7c"", `69802` = ""Cox11"", `12858` = ""Cox5a"", `30055` = ""Timm13"", `231086` = ""Hadhb"", `64704` = ""Htra2"", `11429` = ""Aco2"", `52538` = ""Acaa2"", `13177` = ""Eci1"", `11947` = ""Atp5b"", `68198` = ""Ndufb2"", `12857` = ""Cox4i1"", `66525` = ""Timm50"", `17991` = ""Ndufa2"", `66841` = ""Etfdh"", `27402` = ""Pdhx"", `54405` = ""Ndufa1"", `97212` = ""Hadha"", `170718` = ""Idh3b"", `21854` = ""Timm17a"", 
`18105` = ""Nqo2"", `12868` = ""Cox8a"", `14194` = ""Fh1"", `11946` = ""Atp5a1"", `51798` = ""Ech1"", `30059` = ""Timm10"", `76614` = ""Immt"", `67460` = ""Decr1"", `11949` = ""Atp5c1"", `113868` = ""Acaa1a"", `14148` = ""Fdx1"", `66945` = ""Sdha"", `110842` = ""Etfa"", `55951` = ""Mpc1"", `17713` = ""Grpel1"", `109672` = ""Cyb5a"", `21871` = ""Atp6v0a2"", `226646` = ""Ndufs2"", `22273` = ""Uqcrc1"", `66052` = ""Sdhc"", `30057` = ""Timm8b"", `214952` = ""Rhot2"", `100043121` = ""Gm10175"", `27425` = ""Atp5l"", `12034` = ""Phb2"", `73078` = ""Pmpcb"", 
`15159` = ""Hccs"", `15108` = ""Hsd17b10"", `53375` = ""Mtx2"", `227197` = ""Ndufs1"", `15526` = ""Hspa9"", `66419` = ""Mrpl11"")"
